{"cameraMode":{"drawMode":0,"name":"Shaded","section":"Shading Mode"},"sceneLighting":false,"audioPlay":false,"sceneViewState":{"showFog":true,"showMaterialUpdate":false,"showSkybox":false,"showFlares":true,"showImageEffects":true,"showParticleSystems":true},"in2DMode":false,"pivot":{"x":-6.40000057220459,"y":-3.8000001907348635,"z":8.890000343322754},"rotation":{"x":-0.12151549756526947,"y":-0.014266127720475197,"z":0.001894354005344212,"w":-0.9926602840423584},"size":19.78215217590332,"orthographic":true}